DROP TABLE IF EXISTS Shortlist_Record CASCADE;
DROP TABLE IF EXISTS Matched_History CASCADE;
DROP TABLE IF EXISTS Service CASCADE;
DROP TABLE IF EXISTS Category CASCADE;
DROP TABLE IF EXISTS User_Admin CASCADE;
DROP TABLE IF EXISTS Cleaner CASCADE;
DROP TABLE IF EXISTS HomeOwner CASCADE;
DROP TABLE IF EXISTS PlatformManager CASCADE;
DROP TABLE IF EXISTS "User" CASCADE;
DROP TABLE IF EXISTS Login_Details CASCADE;
DROP TYPE IF EXISTS user_profile CASCADE;

CREATE TYPE user_profile AS ENUM ('User_Admin', 'Cleaner', 'HomeOwner', 'PlatformManager');

-- Table: Login_Details
CREATE TABLE Login_Details (
    Email VARCHAR(255) PRIMARY KEY NOT NULL,
    Password VARCHAR(255) UNIQUE NOT NULL
);

-- Table: User
CREATE TABLE "User" (
    UserID VARCHAR(255) PRIMARY KEY NOT NULL,
    Username VARCHAR(255) UNIQUE NOT NULL,
    UserProfile user_profile NOT NULL, -- Use the defined ENUM type here
    Email VARCHAR(255) UNIQUE NOT NULL,
	Phone VARCHAR(255) UNIQUE,
    DOB DATE,
	FOREIGN KEY (Email) REFERENCES Login_Details(Email) ON DELETE CASCADE
);

-- Table: User_Admin
CREATE TABLE User_Admin (
    UserID VARCHAR(255) PRIMARY KEY NOT NULL,
    FOREIGN KEY (UserID) REFERENCES "User"(UserID) ON DELETE CASCADE
);

-- Table: Cleaner
CREATE TABLE Cleaner (
    UserID VARCHAR(255) PRIMARY KEY NOT NULL,
    FOREIGN KEY (UserID) REFERENCES "User"(UserID) ON DELETE CASCADE
);

-- Table: HomeOwner
CREATE TABLE HomeOwner (
    UserID VARCHAR(255) PRIMARY KEY NOT NULL,
    Address TEXT NOT NULL,
    FOREIGN KEY (UserID) REFERENCES "User"(UserID) ON DELETE CASCADE
);

-- Table: PlatformManager
CREATE TABLE PlatformManager (
    UserID VARCHAR(255) PRIMARY KEY NOT NULL,
    FOREIGN KEY (UserID) REFERENCES "User"(UserID) ON DELETE CASCADE
);

-- Table: Category
CREATE TABLE Category (
    CategoryID VARCHAR(255) PRIMARY KEY NOT NULL,
    Description TEXT
);

-- Table: Service
CREATE TABLE Service (
    ServiceID VARCHAR(255) PRIMARY KEY NOT NULL,
    Title TEXT NOT NULL,
    UserID VARCHAR(255) NOT NULL,
	CategoryID VARCHAR(255) NOT NULL,
	Price DECIMAL(8,2) NOT NULL,
    Description TEXT,
    Views INT DEFAULT 0,
    Shortlisted INT DEFAULT 0,
    FOREIGN KEY (UserID) REFERENCES Cleaner(UserID),
	FOREIGN KEY (CategoryID) REFERENCES Category(CategoryID)    
);

-- Table: Shortlist_Record
CREATE TABLE Shortlist_Record (
    UserID VARCHAR(255) NOT NULL,
    ServiceID VARCHAR(255) NOT NULL,
	FOREIGN KEY (UserID) REFERENCES HomeOwner(UserID) ON DELETE CASCADE,
	FOREIGN KEY (ServiceID) REFERENCES Service(ServiceID) ON DELETE CASCADE,
	PRIMARY KEY (UserID, ServiceID)
);

-- Table: Matched_History
CREATE TABLE Matched_History (
    HistoryID VARCHAR(255) PRIMARY KEY NOT NULL,
    Date DATE NOT NULL,
    HOUserID VARCHAR(255) NOT NULL,
    ServiceID VARCHAR(255) NOT NULL,
	FOREIGN KEY (HOUserID) REFERENCES HomeOwner(UserID) ON DELETE CASCADE,
	FOREIGN KEY (ServiceID) REFERENCES Service(ServiceID) ON DELETE CASCADE
);

-- Insert into Login_Details for User_Admin
INSERT INTO Login_Details (Email, Password) VALUES
('admin1@example.com', 'passwordUA1'),
('admin2@example.com', 'passwordUA2'),
('admin3@example.com', 'passwordUA3'),
('admin4@example.com', 'passwordUA4'),
('admin5@example.com', 'passwordUA5'),
('admin6@example.com', 'passwordUA6'),
('admin7@example.com', 'passwordUA7'),
('admin8@example.com', 'passwordUA8'),
('admin9@example.com', 'passwordUA9'),
('admin10@example.com', 'passwordUA10'),
('admin11@example.com', 'passwordUA11'),
('admin12@example.com', 'passwordUA12'),
('admin13@example.com', 'passwordUA13'),
('admin14@example.com', 'passwordUA14'),
('admin15@example.com', 'passwordUA15'),
('admin16@example.com', 'passwordUA16'),
('admin17@example.com', 'passwordUA17'),
('admin18@example.com', 'passwordUA18'),
('admin19@example.com', 'passwordUA19'),
('admin20@example.com', 'passwordUA20'),
('admin21@example.com', 'passwordUA21'),
('admin22@example.com', 'passwordUA22'),
('admin23@example.com', 'passwordUA23'),
('admin24@example.com', 'passwordUA24'),
('admin25@example.com', 'passwordUA25');

-- Insert into Login_Details for Cleaner
INSERT INTO Login_Details (Email, Password) VALUES
('cleaner1@example.com', 'passwordCL1'),
('cleaner2@example.com', 'passwordCL2'),
('cleaner3@example.com', 'passwordCL3'),
('cleaner4@example.com', 'passwordCL4'),
('cleaner5@example.com', 'passwordCL5'),
('cleaner6@example.com', 'passwordCL6'),
('cleaner7@example.com', 'passwordCL7'),
('cleaner8@example.com', 'passwordCL8'),
('cleaner9@example.com', 'passwordCL9'),
('cleaner10@example.com', 'passwordCL10'),
('cleaner11@example.com', 'passwordCL11'),
('cleaner12@example.com', 'passwordCL12'),
('cleaner13@example.com', 'passwordCL13'),
('cleaner14@example.com', 'passwordCL14'),
('cleaner15@example.com', 'passwordCL15'),
('cleaner16@example.com', 'passwordCL16'),
('cleaner17@example.com', 'passwordCL17'),
('cleaner18@example.com', 'passwordCL18'),
('cleaner19@example.com', 'passwordCL19'),
('cleaner20@example.com', 'passwordCL20'),
('cleaner21@example.com', 'passwordCL21'),
('cleaner22@example.com', 'passwordCL22'),
('cleaner23@example.com', 'passwordCL23'),
('cleaner24@example.com', 'passwordCL24'),
('cleaner25@example.com', 'passwordCL25');

-- Insert into Login_Details for HomeOwner
INSERT INTO Login_Details (Email, Password) VALUES
('homeowner1@example.com', 'passwordHO1'),
('homeowner2@example.com', 'passwordHO2'),
('homeowner3@example.com', 'passwordHO3'),
('homeowner4@example.com', 'passwordHO4'),
('homeowner5@example.com', 'passwordHO5'),
('homeowner6@example.com', 'passwordHO6'),
('homeowner7@example.com', 'passwordHO7'),
('homeowner8@example.com', 'passwordHO8'),
('homeowner9@example.com', 'passwordHO9'),
('homeowner10@example.com', 'passwordHO10'),
('homeowner11@example.com', 'passwordHO11'),
('homeowner12@example.com', 'passwordHO12'),
('homeowner13@example.com', 'passwordHO13'),
('homeowner14@example.com', 'passwordHO14'),
('homeowner15@example.com', 'passwordHO15'),
('homeowner16@example.com', 'passwordHO16'),
('homeowner17@example.com', 'passwordHO17'),
('homeowner18@example.com', 'passwordHO18'),
('homeowner19@example.com', 'passwordHO19'),
('homeowner20@example.com', 'passwordHO20'),
('homeowner21@example.com', 'passwordHO21'),
('homeowner22@example.com', 'passwordHO22'),
('homeowner23@example.com', 'passwordHO23'),
('homeowner24@example.com', 'passwordHO24'),
('homeowner25@example.com', 'passwordHO25');

-- Insert into Login_Details for PlatformManager
INSERT INTO Login_Details (Email, Password) VALUES
('manager1@example.com', 'passwordPM1'),
('manager2@example.com', 'passwordPM2'),
('manager3@example.com', 'passwordPM3'),
('manager4@example.com', 'passwordPM4'),
('manager5@example.com', 'passwordPM5'),
('manager6@example.com', 'passwordPM6'),
('manager7@example.com', 'passwordPM7'),
('manager8@example.com', 'passwordPM8'),
('manager9@example.com', 'passwordPM9'),
('manager10@example.com', 'passwordPM10'),
('manager11@example.com', 'passwordPM11'),
('manager12@example.com', 'passwordPM12'),
('manager13@example.com', 'passwordPM13'),
('manager14@example.com', 'passwordPM14'),
('manager15@example.com', 'passwordPM15'),
('manager16@example.com', 'passwordPM16'),
('manager17@example.com', 'passwordPM17'),
('manager18@example.com', 'passwordPM18'),
('manager19@example.com', 'passwordPM19'),
('manager20@example.com', 'passwordPM20'),
('manager21@example.com', 'passwordPM21'),
('manager22@example.com', 'passwordPM22'),
('manager23@example.com', 'passwordPM23'),
('manager24@example.com', 'passwordPM24'),
('manager25@example.com', 'passwordPM25');

-- Insert statements for User_Admin (25 entries)
INSERT INTO "User" (UserID, Username, UserProfile, Email) VALUES
('UA001', 'adminuser1', 'User_Admin', 'admin1@example.com'),
('UA002', 'adminuser2', 'User_Admin', 'admin2@example.com'),
('UA003', 'adminuser3', 'User_Admin', 'admin3@example.com'),
('UA004', 'adminuser4', 'User_Admin', 'admin4@example.com'),
('UA005', 'adminuser5', 'User_Admin', 'admin5@example.com'),
('UA006', 'adminuser6', 'User_Admin', 'admin6@example.com'),
('UA007', 'adminuser7', 'User_Admin', 'admin7@example.com'),
('UA008', 'adminuser8', 'User_Admin', 'admin8@example.com'),
('UA009', 'adminuser9', 'User_Admin', 'admin9@example.com'),
('UA010', 'adminuser10', 'User_Admin', 'admin10@example.com'),
('UA011', 'adminuser11', 'User_Admin', 'admin11@example.com'),
('UA012', 'adminuser12', 'User_Admin', 'admin12@example.com'),
('UA013', 'adminuser13', 'User_Admin', 'admin13@example.com'),
('UA014', 'adminuser14', 'User_Admin', 'admin14@example.com'),
('UA015', 'adminuser15', 'User_Admin', 'admin15@example.com'),
('UA016', 'adminuser16', 'User_Admin', 'admin16@example.com'),
('UA017', 'adminuser17', 'User_Admin', 'admin17@example.com'),
('UA018', 'adminuser18', 'User_Admin', 'admin18@example.com'),
('UA019', 'adminuser19', 'User_Admin', 'admin19@example.com'),
('UA020', 'adminuser20', 'User_Admin', 'admin20@example.com'),
('UA021', 'adminuser21', 'User_Admin', 'admin21@example.com'),
('UA022', 'adminuser22', 'User_Admin', 'admin22@example.com'),
('UA023', 'adminuser23', 'User_Admin', 'admin23@example.com'),
('UA024', 'adminuser24', 'User_Admin', 'admin24@example.com'),
('UA025', 'adminuser25', 'User_Admin', 'admin25@example.com');

-- Insert into User_Admin
INSERT INTO User_Admin (UserID) SELECT UserID FROM "User" WHERE UserProfile = 'User_Admin';

-- Insert statements for Cleaner (25 entries)
INSERT INTO "User" (UserID, Username, UserProfile, Email) VALUES
('CL001', 'cleaner1', 'Cleaner', 'cleaner1@example.com'),
('CL002', 'cleaner2', 'Cleaner', 'cleaner2@example.com'),
('CL003', 'cleaner3', 'Cleaner', 'cleaner3@example.com'),
('CL004', 'cleaner4', 'Cleaner', 'cleaner4@example.com'),
('CL005', 'cleaner5', 'Cleaner', 'cleaner5@example.com'),
('CL006', 'cleaner6', 'Cleaner', 'cleaner6@example.com'),
('CL007', 'cleaner7', 'Cleaner', 'cleaner7@example.com'),
('CL008', 'cleaner8', 'Cleaner', 'cleaner8@example.com'),
('CL009', 'cleaner9', 'Cleaner', 'cleaner9@example.com'),
('CL010', 'cleaner10', 'Cleaner', 'cleaner10@example.com'),
('CL011', 'cleaner11', 'Cleaner', 'cleaner11@example.com'),
('CL012', 'cleaner12', 'Cleaner', 'cleaner12@example.com'),
('CL013', 'cleaner13', 'Cleaner', 'cleaner13@example.com'),
('CL014', 'cleaner14', 'Cleaner', 'cleaner14@example.com'),
('CL015', 'cleaner15', 'Cleaner', 'cleaner15@example.com'),
('CL016', 'cleaner16', 'Cleaner', 'cleaner16@example.com'),
('CL017', 'cleaner17', 'Cleaner', 'cleaner17@example.com'),
('CL018', 'cleaner18', 'Cleaner', 'cleaner18@example.com'),
('CL019', 'cleaner19', 'Cleaner', 'cleaner19@example.com'),
('CL020', 'cleaner20', 'Cleaner', 'cleaner20@example.com'),
('CL021', 'cleaner21', 'Cleaner', 'cleaner21@example.com'),
('CL022', 'cleaner22', 'Cleaner', 'cleaner22@example.com'),
('CL023', 'cleaner23', 'Cleaner', 'cleaner23@example.com'),
('CL024', 'cleaner24', 'Cleaner', 'cleaner24@example.com'),
('CL025', 'cleaner25', 'Cleaner', 'cleaner25@example.com');

-- Insert into Cleaner
INSERT INTO Cleaner (UserID) SELECT UserID FROM "User" WHERE UserProfile = 'Cleaner';

-- Insert statements for HomeOwner (25 entries)
INSERT INTO "User" (UserID, Username, UserProfile, Email) VALUES
('HO001', 'homeowner1', 'HomeOwner', 'homeowner1@example.com'),
('HO002', 'homeowner2', 'HomeOwner', 'homeowner2@example.com'),
('HO003', 'homeowner3', 'HomeOwner', 'homeowner3@example.com'),
('HO004', 'homeowner4', 'HomeOwner', 'homeowner4@example.com'),
('HO005', 'homeowner5', 'HomeOwner', 'homeowner5@example.com'),
('HO006', 'homeowner6', 'HomeOwner', 'homeowner6@example.com'),
('HO007', 'homeowner7', 'HomeOwner', 'homeowner7@example.com'),
('HO008', 'homeowner8', 'HomeOwner', 'homeowner8@example.com'),
('HO009', 'homeowner9', 'HomeOwner', 'homeowner9@example.com'),
('HO010', 'homeowner10', 'HomeOwner', 'homeowner10@example.com'),
('HO011', 'homeowner11', 'HomeOwner', 'homeowner11@example.com'),
('HO012', 'homeowner12', 'HomeOwner', 'homeowner12@example.com'),
('HO013', 'homeowner13', 'HomeOwner', 'homeowner13@example.com'),
('HO014', 'homeowner14', 'HomeOwner', 'homeowner14@example.com'),
('HO015', 'homeowner15', 'HomeOwner', 'homeowner15@example.com'),
('HO016', 'homeowner16', 'HomeOwner', 'homeowner16@example.com'),
('HO017', 'homeowner17', 'HomeOwner', 'homeowner17@example.com'),
('HO018', 'homeowner18', 'HomeOwner', 'homeowner18@example.com'),
('HO019', 'homeowner19', 'HomeOwner', 'homeowner19@example.com'),
('HO020', 'homeowner20', 'HomeOwner', 'homeowner20@example.com'),
('HO021', 'homeowner21', 'HomeOwner', 'homeowner21@example.com'),
('HO022', 'homeowner22', 'HomeOwner', 'homeowner22@example.com'),
('HO023', 'homeowner23', 'HomeOwner', 'homeowner23@example.com'),
('HO024', 'homeowner24', 'HomeOwner', 'homeowner24@example.com'),
('HO025', 'homeowner25', 'HomeOwner', 'homeowner25@example.com');

-- Insert into HomeOwner (with address)
INSERT INTO HomeOwner (UserID, Address) 
SELECT UserID, '123 Home Street' FROM "User" WHERE UserProfile = 'HomeOwner';

-- Insert statements for PlatformManager (25 entries)
INSERT INTO "User" (UserID, Username, UserProfile, Email) VALUES
('PM001', 'manager1', 'PlatformManager', 'manager1@example.com'),
('PM002', 'manager2', 'PlatformManager', 'manager2@example.com'),
('PM003', 'manager3', 'PlatformManager', 'manager3@example.com'),
('PM004', 'manager4', 'PlatformManager', 'manager4@example.com'),
('PM005', 'manager5', 'PlatformManager', 'manager5@example.com'),
('PM006', 'manager6', 'PlatformManager', 'manager6@example.com'),
('PM007', 'manager7', 'PlatformManager', 'manager7@example.com'),
('PM008', 'manager8', 'PlatformManager', 'manager8@example.com'),
('PM009', 'manager9', 'PlatformManager', 'manager9@example.com'),
('PM010', 'manager10', 'PlatformManager', 'manager10@example.com'),
('PM011', 'manager11', 'PlatformManager', 'manager11@example.com'),
('PM012', 'manager12', 'PlatformManager', 'manager12@example.com'),
('PM013', 'manager13', 'PlatformManager', 'manager13@example.com'),
('PM014', 'manager14', 'PlatformManager', 'manager14@example.com'),
('PM015', 'manager15', 'PlatformManager', 'manager15@example.com'),
('PM016', 'manager16', 'PlatformManager', 'manager16@example.com'),
('PM017', 'manager17', 'PlatformManager', 'manager17@example.com'),
('PM018', 'manager18', 'PlatformManager', 'manager18@example.com'),
('PM019', 'manager19', 'PlatformManager', 'manager19@example.com'),
('PM020', 'manager20', 'PlatformManager', 'manager20@example.com'),
('PM021', 'manager21', 'PlatformManager', 'manager21@example.com'),
('PM022', 'manager22', 'PlatformManager', 'manager22@example.com'),
('PM023', 'manager23', 'PlatformManager', 'manager23@example.com'),
('PM024', 'manager24', 'PlatformManager', 'manager24@example.com'),
('PM025', 'manager25', 'PlatformManager', 'manager25@example.com');

-- Insert into PlatformManager
INSERT INTO PlatformManager (UserID) SELECT UserID FROM "User" WHERE UserProfile = 'PlatformManager';

-- Insert 100 entries for the Category table
INSERT INTO Category (CategoryID, Description) VALUES
('cat001', 'House Cleaning'),
('cat002', 'Office Cleaning'),
('cat003', 'Window Cleaning'),
('cat004', 'Carpet Cleaning'),
('cat005', 'Laundry Service'),
('cat006', 'Move-In/Move-Out Cleaning'),
('cat007', 'Post-Construction Cleaning'),
('cat008', 'Airbnb Cleaning'),
('cat009', 'Pet Cleaning'),
('cat010', 'Steam Cleaning'),
('cat011', 'Pressure Washing'),
('cat012', 'Deep Cleaning'),
('cat013', 'Residential Cleaning'),
('cat014', 'Commercial Cleaning'),
('cat015', 'Event Cleanup'),
('cat016', 'Apartment Cleaning'),
('cat017', 'Spring Cleaning'),
('cat018', 'Oven Cleaning'),
('cat019', 'Fridge Cleaning'),
('cat020', 'Tile and Grout Cleaning'),
('cat021', 'Disinfection Services'),
('cat022', 'Trash Removal'),
('cat023', 'Office Disinfection'),
('cat024', 'Bed Bug Treatment'),
('cat025', 'Mold Remediation'),
('cat026', 'Furnace Cleaning'),
('cat027', 'Chimney Cleaning'),
('cat028', 'Gutter Cleaning'),
('cat029', 'Patio Cleaning'),
('cat030', 'Hoarding Cleanup'),
('cat031', 'Sofa Cleaning'),
('cat032', 'Curtain Cleaning'),
('cat033', 'Mattress Cleaning'),
('cat034', 'Ceiling Fan Cleaning'),
('cat035', 'Kitchen Cleaning'),
('cat036', 'Bathroom Cleaning'),
('cat037', 'Vacuuming Service'),
('cat038', 'Household Organization'),
('cat039', 'Basement Cleaning'),
('cat040', 'Attic Cleaning'),
('cat041', 'Upholstery Cleaning'),
('cat042', 'Pressure Washing for Driveways'),
('cat043', 'Exterior House Cleaning'),
('cat044', 'Deck Cleaning'),
('cat045', 'Hardwood Floor Cleaning'),
('cat046', 'Tile Floor Cleaning'),
('cat047', 'Carpet Stain Removal'),
('cat048', 'Post-Party Cleanup'),
('cat049', 'Regular House Cleaning'),
('cat050', 'Luxury Cleaning Services'),
('cat051', 'Disaster Cleanup'),
('cat052', 'Emergency Cleaning'),
('cat053', 'Odor Removal Services'),
('cat054', 'Window Washing'),
('cat055', 'Pool Cleaning'),
('cat056', 'Construction Site Cleaning'),
('cat057', 'Solar Panel Cleaning'),
('cat058', 'Moving Services'),
('cat059', 'Packing and Unpacking'),
('cat060', 'Furniture Moving'),
('cat061', 'House Painting'),
('cat062', 'Interior Cleaning'),
('cat063', 'Exterior Window Washing'),
('cat064', 'Tree Trimming'),
('cat065', 'Landscaping Services'),
('cat066', 'Pressure Cleaning for Walls'),
('cat067', 'Commercial Floor Cleaning'),
('cat068', 'Car Detailing'),
('cat069', 'Air Duct Cleaning'),
('cat070', 'Water Damage Cleanup'),
('cat071', 'Post-Tenant Cleaning'),
('cat072', 'Refrigerator Cleaning'),
('cat073', 'Seasonal Cleaning'),
('cat074', 'Personalized Cleaning'),
('cat075', 'Event Decorating and Cleanup'),
('cat076', 'Commercial Disinfection'),
('cat077', 'Maid Services'),
('cat078', 'Gardening Services'),
('cat079', 'Green Cleaning Services'),
('cat080', 'Pet Grooming and Cleaning'),
('cat081', 'Wall Cleaning'),
('cat082', 'Floor Polishing'),
('cat083', 'Grout Sealing'),
('cat084', 'Bathroom Sanitization'),
('cat085', 'Mold Prevention'),
('cat086', 'Pest Control Services'),
('cat087', 'Holiday Cleanup'),
('cat088', 'Laundry Pickup and Delivery'),
('cat089', 'Weekly Cleaning Services'),
('cat090', 'Kitchen Organization'),
('cat091', 'Cleaning for Senior Citizens'),
('cat092', 'Household Maintenance'),
('cat093', 'Portable Toilet Cleaning'),
('cat094', 'Handyman Services'),
('cat095', 'Small Appliance Cleaning'),
('cat096', 'Construction Waste Removal'),
('cat097', 'Eco-Friendly Cleaning'),
('cat098', 'Home Renovation Cleanup'),
('cat099', 'Storm Cleanup'),
('cat100', 'Beach House Cleaning');

-- Insert 100 entries for the Service table
INSERT INTO Service (ServiceID, Title, UserID, CategoryID, Price, Description, Views, Shortlisted) VALUES
('srv001', 'Basic House Cleaning', 'CL001', 'cat001', 50.00, 'General cleaning of all rooms in the house including sweeping, mopping, and dusting.', 0, 0),
('srv002', 'Office Cleaning', 'CL002', 'cat002', 75.00, 'Cleaning services for offices including desks, floors, and common areas.', 0, 0),
('srv003', 'Window Cleaning', 'CL003', 'cat003', 40.00, 'Cleaning of both interior and exterior windows with eco-friendly products.', 0, 0),
('srv004', 'Deep Carpet Cleaning', 'CL004', 'cat004', 100.00, 'Thorough cleaning of carpets with steam and stain removal.', 0, 0),
('srv005', 'Laundry Services', 'CL005', 'cat005', 30.00, 'Pick up and delivery of laundry with washing, drying, and folding included.', 0, 0),
('srv006', 'Post-Construction Cleaning', 'CL006', 'cat007', 200.00, 'Comprehensive cleaning after construction or renovation projects.', 0, 0),
('srv007', 'Move-Out Cleaning', 'CL007', 'cat006', 120.00, 'Cleaning service for vacated homes or apartments.', 0, 0),
('srv008', 'Airbnb Cleaning', 'CL008', 'cat008', 80.00, 'Cleaning and preparing properties for short-term rental guests.', 0, 0),
('srv009', 'Pet Cleaning', 'CL009', 'cat009', 45.00, 'Special cleaning services designed for homes with pets.', 0, 0),
('srv010', 'Steam Carpet Cleaning', 'CL010', 'cat010', 110.00, 'Deep steam cleaning for carpets and upholstery.', 0, 0),
('srv011', 'Pressure Washing', 'CL011', 'cat011', 150.00, 'Power washing for driveways, decks, and siding.', 0, 0),
('srv012', 'ServiceABC39', 'CL025', 'cat012', 440.00, 'Service description for ServiceABC39', 0, 0),
('srv013', 'General Home Cleaning', 'CL012', 'cat013', 60.00, 'General cleaning of all rooms in the house with attention to detail.', 0, 0),
('srv014', 'Commercial Office Cleaning', 'CL013', 'cat014', 200.00, 'Cleaning services for commercial offices and workspaces.', 0, 0),
('srv015', 'Event Cleanup', 'CL014', 'cat015', 180.00, 'Cleanup services after events like parties or gatherings.', 0, 0),
('srv016', 'Apartment Cleaning', 'CL015', 'cat016', 75.00, 'Cleaning service for apartments, including common areas and bathrooms.', 0, 0),
('srv017', 'Spring Cleaning', 'CL016', 'cat017', 90.00, 'A thorough seasonal cleaning for your home.', 0, 0),
('srv018', 'Oven Cleaning', 'CL017', 'cat018', 50.00, 'Professional oven cleaning with degreasing and sanitizing.', 0, 0),
('srv019', 'Fridge Cleaning', 'CL018', 'cat019', 40.00, 'Cleaning and sanitizing of your refrigerator and freezer.', 0, 0),
('srv020', 'Tile and Grout Cleaning', 'CL019', 'cat020', 85.00, 'Deep cleaning of tiles and grout, removing dirt and stains.', 0, 0),
('srv021', 'Disinfection Service', 'CL020', 'cat021', 100.00, 'Sanitizing and disinfecting of all surfaces in your home or office.', 0, 0),
('srv022', 'Trash Removal', 'CL021', 'cat022', 30.00, 'Removal of household or office trash, including special items.', 0, 0),
('srv023', 'Office Disinfection', 'CL022', 'cat023', 125.00, 'Full disinfecting service for office spaces to ensure cleanliness and hygiene.', 0, 0),
('srv024', 'Bed Bug Treatment', 'CL023', 'cat024', 150.00, 'Professional bed bug treatment and extermination service.', 0, 0),
('srv025', 'Mold Remediation', 'CL024', 'cat025', 250.00, 'Complete mold removal and remediation for safe and clean environments.', 0, 0),
('srv026', 'Furnace Cleaning', 'CL025', 'cat026', 100.00, 'Cleaning of furnaces to ensure optimal performance and air quality.', 0, 0),
('srv027', 'Chimney Cleaning', 'CL001', 'cat027', 75.00, 'Professional chimney cleaning to prevent hazards and improve air flow.', 0, 0),
('srv028', 'Gutter Cleaning', 'CL002', 'cat028', 60.00, 'Cleaning of gutters and downspouts to ensure proper drainage.', 0, 0),
('srv029', 'Patio Cleaning', 'CL003', 'cat029', 70.00, 'Pressure washing and cleaning of patios to remove dirt and stains.', 0, 0),
('srv030', 'Hoarding Cleanup', 'CL004', 'cat030', 220.00, 'Professional cleanup for hoarding situations, including sorting and removal.', 0, 0),
('srv031', 'Sofa Cleaning', 'CL005', 'cat031', 50.00, 'Cleaning and sanitizing of sofas and couches using safe chemicals.', 0, 0),
('srv032', 'Curtain Cleaning', 'CL006', 'cat032', 40.00, 'Specialized cleaning of curtains, drapes, and blinds.', 0, 0),
('srv033', 'Mattress Cleaning', 'CL007', 'cat033', 45.00, 'Deep cleaning of mattresses to remove stains, dust mites, and allergens.', 0, 0),
('srv034', 'Ceiling Fan Cleaning', 'CL008', 'cat034', 30.00, 'Dust and clean ceiling fans to improve airflow and reduce allergens.', 0, 0),
('srv035', 'Kitchen Cleaning', 'CL009', 'cat035', 70.00, 'Thorough cleaning of all kitchen surfaces, appliances, and cabinets.', 0, 0),
('srv036', 'Bathroom Cleaning', 'CL010', 'cat036', 50.00, 'Cleaning and sanitizing bathrooms including sinks, toilets, and showers.', 0, 0),
('srv037', 'Vacuuming Service', 'CL011', 'cat037', 25.00, 'Vacuuming and cleaning carpets or hard floors to remove dust and dirt.', 0, 0),
('srv038', 'Household Organization', 'CL012', 'cat038', 100.00, 'Professional organizing service to help declutter and arrange household items.', 0, 0),
('srv039', 'Basement Cleaning', 'CL013', 'cat039', 90.00, 'Cleaning and organizing basements, including storage and basement floors.', 0, 0),
('srv040', 'Attic Cleaning', 'CL014', 'cat040', 85.00, 'Cleaning of attic spaces, removing dust, and organizing stored items.', 0, 0),
('srv041', 'Upholstery Cleaning', 'CL015', 'cat041', 60.00, 'Cleaning of furniture upholstery to remove stains and dirt.', 0, 0),
('srv042', 'Driveway Pressure Washing', 'CL016', 'cat042', 110.00, 'Pressure washing of driveways to remove dirt, oil, and other stains.', 0, 0),
('srv043', 'Exterior House Cleaning', 'CL017', 'cat043', 150.00, 'Pressure washing and cleaning of the exterior of your home, including walls and windows.', 0, 0),
('srv044', 'Deck Cleaning', 'CL018', 'cat044', 80.00, 'Cleaning and restoring the appearance of wooden or composite decks.', 0, 0),
('srv045', 'Hardwood Floor Cleaning', 'CL019', 'cat045', 60.00, 'Deep cleaning and restoring the shine of hardwood floors.', 0, 0),
('srv046', 'Tile Floor Cleaning', 'CL020', 'cat046', 55.00, 'Deep cleaning and polishing of tile floors.', 0, 0),
('srv047', 'Carpet Stain Removal', 'CL021', 'cat047', 75.00, 'Specialized stain removal service for carpets, removing difficult stains.', 0, 0),
('srv048', 'Post-Party Cleanup', 'CL022', 'cat048', 140.00, 'Cleanup after parties or large gatherings, including waste removal and floor cleaning.', 0, 0),
('srv049', 'Regular Home Cleaning', 'CL023', 'cat049', 60.00, 'Routine home cleaning for regular maintenance of your home.', 0, 0),
('srv050', 'Luxury Cleaning Services', 'CL024', 'cat050', 200.00, 'High-end cleaning services, including detailed cleaning of every corner of your home.', 0, 0),
('srv051', 'Disaster Cleanup', 'CL025', 'cat051', 500.00, 'Professional cleanup after a disaster, such as floods or fires.', 0, 0),
('srv052', 'Emergency Cleaning', 'CL001', 'cat052', 150.00, 'Fast cleaning services available for emergencies, such as spills or accidents.', 0, 0),
('srv053', 'Odor Removal Services', 'CL002', 'cat053', 90.00, 'Removing unwanted odors from homes, offices, and vehicles.', 0, 0),
('srv054', 'Window Washing', 'CL003', 'cat054', 40.00, 'Cleaning and washing of windows, ensuring a streak-free shine.', 0, 0),
('srv055', 'Pool Cleaning', 'CL004', 'cat055', 80.00, 'Cleaning and maintaining pools, ensuring proper water quality and appearance.', 0, 0),
('srv056', 'Construction Site Cleaning', 'CL005', 'cat056', 220.00, 'Post-construction cleaning services to clear debris and dust.', 0, 0),
('srv057', 'Solar Panel Cleaning', 'CL006', 'cat057', 110.00, 'Cleaning of solar panels to improve energy efficiency.', 0, 0),
('srv058', 'Moving Services', 'CL007', 'cat058', 150.00, 'Assistance with moving belongings from one location to another.', 0, 0),
('srv059', 'Packing and Unpacking', 'CL008', 'cat059', 80.00, 'Packing and unpacking services for an easy move.', 0, 0),
('srv060', 'Furniture Moving', 'CL009', 'cat060', 120.00, 'Help with moving furniture to different locations within a house or building.', 0, 0),
('srv061', 'House Painting', 'CL010', 'cat061', 300.00, 'Professional interior and exterior house painting services.', 0, 0),
('srv062', 'Interior Cleaning', 'CL011', 'cat062', 75.00, 'Thorough cleaning of indoor spaces, including deep cleaning of furniture and surfaces.', 0, 0),
('srv063', 'ServiceABC1', 'CL012', 'cat063', 80.00, 'Service description for ServiceABC1', 0, 0),
('srv064', 'ServiceABC2', 'CL013', 'cat064', 90.00, 'Service description for ServiceABC2', 0, 0),
('srv065', 'ServiceABC3', 'CL014', 'cat065', 95.00, 'Service description for ServiceABC3', 0, 0),
('srv066', 'ServiceABC4', 'CL015', 'cat066', 100.00, 'Service description for ServiceABC4', 0, 0),
('srv067', 'ServiceABC5', 'CL016', 'cat067', 85.00, 'Service description for ServiceABC5', 0, 0),
('srv068', 'ServiceABC6', 'CL017', 'cat068', 110.00, 'Service description for ServiceABC6', 0, 0),
('srv069', 'ServiceABC7', 'CL018', 'cat069', 120.00, 'Service description for ServiceABC7', 0, 0),
('srv070', 'ServiceABC8', 'CL019', 'cat070', 130.00, 'Service description for ServiceABC8', 0, 0),
('srv071', 'ServiceABC9', 'CL020', 'cat071', 140.00, 'Service description for ServiceABC9', 0, 0),
('srv072', 'ServiceABC10', 'CL021', 'cat072', 150.00, 'Service description for ServiceABC10', 0, 0),
('srv073', 'ServiceABC11', 'CL022', 'cat073', 160.00, 'Service description for ServiceABC11', 0, 0),
('srv074', 'ServiceABC12', 'CL023', 'cat074', 170.00, 'Service description for ServiceABC12', 0, 0),
('srv075', 'ServiceABC13', 'CL024', 'cat075', 180.00, 'Service description for ServiceABC13', 0, 0),
('srv076', 'ServiceABC14', 'CL025', 'cat076', 190.00, 'Service description for ServiceABC14', 0, 0),
('srv077', 'ServiceABC15', 'CL001', 'cat077', 200.00, 'Service description for ServiceABC15', 0, 0),
('srv078', 'ServiceABC16', 'CL002', 'cat078', 210.00, 'Service description for ServiceABC16', 0, 0),
('srv079', 'ServiceABC17', 'CL003', 'cat079', 220.00, 'Service description for ServiceABC17', 0, 0),
('srv080', 'ServiceABC18', 'CL004', 'cat080', 230.00, 'Service description for ServiceABC18', 0, 0),
('srv081', 'ServiceABC19', 'CL005', 'cat081', 240.00, 'Service description for ServiceABC19', 0, 0),
('srv082', 'ServiceABC20', 'CL006', 'cat082', 250.00, 'Service description for ServiceABC20', 0, 0),
('srv083', 'ServiceABC21', 'CL007', 'cat083', 260.00, 'Service description for ServiceABC21', 0, 0),
('srv084', 'ServiceABC22', 'CL008', 'cat084', 270.00, 'Service description for ServiceABC22', 0, 0),
('srv085', 'ServiceABC23', 'CL009', 'cat085', 280.00, 'Service description for ServiceABC23', 0, 0),
('srv086', 'ServiceABC24', 'CL010', 'cat086', 290.00, 'Service description for ServiceABC24', 0, 0),
('srv087', 'ServiceABC25', 'CL011', 'cat087', 300.00, 'Service description for ServiceABC25', 0, 0),
('srv088', 'ServiceABC26', 'CL012', 'cat088', 310.00, 'Service description for ServiceABC26', 0, 0),
('srv089', 'ServiceABC27', 'CL013', 'cat089', 320.00, 'Service description for ServiceABC27', 0, 0),
('srv090', 'ServiceABC28', 'CL014', 'cat090', 330.00, 'Service description for ServiceABC28', 0, 0),
('srv091', 'ServiceABC29', 'CL015', 'cat091', 340.00, 'Service description for ServiceABC29', 0, 0),
('srv092', 'ServiceABC30', 'CL016', 'cat092', 350.00, 'Service description for ServiceABC30', 0, 0),
('srv093', 'ServiceABC31', 'CL017', 'cat093', 360.00, 'Service description for ServiceABC31', 0, 0),
('srv094', 'ServiceABC32', 'CL018', 'cat094', 370.00, 'Service description for ServiceABC32', 0, 0),
('srv095', 'ServiceABC33', 'CL019', 'cat095', 380.00, 'Service description for ServiceABC33', 0, 0),
('srv096', 'ServiceABC34', 'CL020', 'cat096', 390.00, 'Service description for ServiceABC34', 0, 0),
('srv097', 'ServiceABC35', 'CL021', 'cat097', 400.00, 'Service description for ServiceABC35', 0, 0),
('srv098', 'ServiceABC36', 'CL022', 'cat098', 410.00, 'Service description for ServiceABC36', 0, 0),
('srv099', 'ServiceABC37', 'CL023', 'cat099', 420.00, 'Service description for ServiceABC37', 0, 0),
('srv100', 'ServiceABC38', 'CL024', 'cat100', 430.00, 'Service description for ServiceABC38', 0, 0);

-- Insert 100 entries for the Shortlist_Record table
INSERT INTO Shortlist_Record (UserID, ServiceID) VALUES
('HO001', 'srv001'),
('HO002', 'srv002'),
('HO003', 'srv003'),
('HO004', 'srv004'),
('HO005', 'srv005'),
('HO006', 'srv006'),
('HO007', 'srv007'),
('HO008', 'srv008'),
('HO009', 'srv009'),
('HO010', 'srv010'),
('HO011', 'srv011'),
('HO012', 'srv012'),
('HO013', 'srv013'),
('HO014', 'srv014'),
('HO015', 'srv015'),
('HO016', 'srv016'),
('HO017', 'srv017'),
('HO018', 'srv018'),
('HO019', 'srv019'),
('HO020', 'srv020'),
('HO021', 'srv021'),
('HO022', 'srv022'),
('HO023', 'srv023'),
('HO024', 'srv024'),
('HO025', 'srv025'),
('HO001', 'srv026'),
('HO002', 'srv027'),
('HO003', 'srv028'),
('HO004', 'srv029'),
('HO005', 'srv030'),
('HO006', 'srv031'),
('HO007', 'srv032'),
('HO008', 'srv033'),
('HO009', 'srv034'),
('HO010', 'srv035'),
('HO011', 'srv036'),
('HO012', 'srv037'),
('HO013', 'srv038'),
('HO014', 'srv039'),
('HO015', 'srv040'),
('HO016', 'srv041'),
('HO017', 'srv042'),
('HO018', 'srv043'),
('HO019', 'srv044'),
('HO020', 'srv045'),
('HO021', 'srv046'),
('HO022', 'srv047'),
('HO023', 'srv048'),
('HO024', 'srv049'),
('HO025', 'srv050'),
('HO001', 'srv051'),
('HO002', 'srv052'),
('HO003', 'srv053'),
('HO004', 'srv054'),
('HO005', 'srv055'),
('HO006', 'srv056'),
('HO007', 'srv057'),
('HO008', 'srv058'),
('HO009', 'srv059'),
('HO010', 'srv060'),
('HO011', 'srv061'),
('HO012', 'srv062'),
('HO013', 'srv063'),
('HO014', 'srv064'),
('HO015', 'srv065'),
('HO016', 'srv066'),
('HO017', 'srv067'),
('HO018', 'srv068'),
('HO019', 'srv069'),
('HO020', 'srv070'),
('HO021', 'srv071'),
('HO022', 'srv072'),
('HO023', 'srv073'),
('HO024', 'srv074'),
('HO025', 'srv075'),
('HO001', 'srv076'),
('HO002', 'srv077'),
('HO003', 'srv078'),
('HO004', 'srv079'),
('HO005', 'srv080'),
('HO006', 'srv081'),
('HO007', 'srv082'),
('HO008', 'srv083'),
('HO009', 'srv084'),
('HO010', 'srv085'),
('HO011', 'srv086'),
('HO012', 'srv087'),
('HO013', 'srv088'),
('HO014', 'srv089'),
('HO015', 'srv090'),
('HO016', 'srv091'),
('HO017', 'srv092'),
('HO018', 'srv093'),
('HO019', 'srv094'),
('HO020', 'srv095'),
('HO021', 'srv096'),
('HO022', 'srv097'),
('HO023', 'srv098'),
('HO024', 'srv099'),
('HO025', 'srv100');

-- Insert 100 entries for Matched_History table
INSERT INTO Matched_History (HistoryID, Date, HOUserID, ServiceID) VALUES
('HIST001', '2025-01-01', 'HO001', 'srv001'),
('HIST002', '2025-01-02', 'HO002', 'srv002'),
('HIST003', '2025-01-03', 'HO003', 'srv003'),
('HIST004', '2025-01-04', 'HO004', 'srv004'),
('HIST005', '2025-01-05', 'HO005', 'srv005'),
('HIST006', '2025-01-06', 'HO006', 'srv006'),
('HIST007', '2025-01-07', 'HO007', 'srv007'),
('HIST008', '2025-01-08', 'HO008', 'srv008'),
('HIST009', '2025-01-09', 'HO009', 'srv009'),
('HIST010', '2025-01-10', 'HO010', 'srv010'),
('HIST011', '2025-01-11', 'HO011', 'srv011'),
('HIST012', '2025-01-12', 'HO012', 'srv012'),
('HIST013', '2025-01-13', 'HO013', 'srv013'),
('HIST014', '2025-01-14', 'HO014', 'srv014'),
('HIST015', '2025-01-15', 'HO015', 'srv015'),
('HIST016', '2025-01-16', 'HO016', 'srv016'),
('HIST017', '2025-01-17', 'HO017', 'srv017'),
('HIST018', '2025-01-18', 'HO018', 'srv018'),
('HIST019', '2025-01-19', 'HO019', 'srv019'),
('HIST020', '2025-01-20', 'HO020', 'srv020'),
('HIST021', '2025-01-21', 'HO021', 'srv021'),
('HIST022', '2025-01-22', 'HO022', 'srv022'),
('HIST023', '2025-01-23', 'HO023', 'srv023'),
('HIST024', '2025-01-24', 'HO024', 'srv024'),
('HIST025', '2025-01-25', 'HO025', 'srv025'),
('HIST026', '2025-01-26', 'HO001', 'srv026'),
('HIST027', '2025-01-27', 'HO002', 'srv027'),
('HIST028', '2025-01-28', 'HO003', 'srv028'),
('HIST029', '2025-01-29', 'HO004', 'srv029'),
('HIST030', '2025-01-30', 'HO005', 'srv030'),
('HIST031', '2025-01-31', 'HO006', 'srv031'),
('HIST032', '2025-02-01', 'HO007', 'srv032'),
('HIST033', '2025-02-02', 'HO008', 'srv033'),
('HIST034', '2025-02-03', 'HO009', 'srv034'),
('HIST035', '2025-02-04', 'HO010', 'srv035'),
('HIST036', '2025-02-05', 'HO011', 'srv036'),
('HIST037', '2025-02-06', 'HO012', 'srv037'),
('HIST038', '2025-02-07', 'HO013', 'srv038'),
('HIST039', '2025-02-08', 'HO014', 'srv039'),
('HIST040', '2025-02-09', 'HO015', 'srv040'),
('HIST041', '2025-02-10', 'HO016', 'srv041'),
('HIST042', '2025-02-11', 'HO017', 'srv042'),
('HIST043', '2025-02-12', 'HO018', 'srv043'),
('HIST044', '2025-02-13', 'HO019', 'srv044'),
('HIST045', '2025-02-14', 'HO020', 'srv045'),
('HIST046', '2025-02-15', 'HO021', 'srv046'),
('HIST047', '2025-02-16', 'HO022', 'srv047'),
('HIST048', '2025-02-17', 'HO023', 'srv048'),
('HIST049', '2025-02-18', 'HO024', 'srv049'),
('HIST050', '2025-02-19', 'HO025', 'srv050'),
('HIST051', '2025-02-20', 'HO001', 'srv051'),
('HIST052', '2025-02-21', 'HO002', 'srv052'),
('HIST053', '2025-02-22', 'HO003', 'srv053'),
('HIST054', '2025-02-23', 'HO004', 'srv054'),
('HIST055', '2025-02-24', 'HO005', 'srv055'),
('HIST056', '2025-02-25', 'HO006', 'srv056'),
('HIST057', '2025-02-26', 'HO007', 'srv057'),
('HIST058', '2025-02-27', 'HO008', 'srv058'),
('HIST059', '2025-02-28', 'HO009', 'srv059'),
('HIST060', '2025-03-01', 'HO010', 'srv060'),
('HIST061', '2025-03-02', 'HO011', 'srv061'),
('HIST062', '2025-03-03', 'HO012', 'srv062'),
('HIST063', '2025-03-04', 'HO013', 'srv063'),
('HIST064', '2025-03-05', 'HO014', 'srv064'),
('HIST065', '2025-03-06', 'HO015', 'srv065'),
('HIST066', '2025-03-07', 'HO016', 'srv066'),
('HIST067', '2025-03-08', 'HO017', 'srv067'),
('HIST068', '2025-03-09', 'HO018', 'srv068'),
('HIST069', '2025-03-10', 'HO019', 'srv069'),
('HIST070', '2025-03-11', 'HO020', 'srv070'),
('HIST071', '2025-03-12', 'HO021', 'srv071'),
('HIST072', '2025-03-13', 'HO022', 'srv072'),
('HIST073', '2025-03-14', 'HO023', 'srv073'),
('HIST074', '2025-03-15', 'HO024', 'srv074'),
('HIST075', '2025-03-16', 'HO025', 'srv075'),
('HIST076', '2025-03-17', 'HO001', 'srv076'),
('HIST077', '2025-03-18', 'HO002', 'srv077'),
('HIST078', '2025-03-19', 'HO003', 'srv078'),
('HIST079', '2025-03-20', 'HO004', 'srv079'),
('HIST080', '2025-03-21', 'HO005', 'srv080'),
('HIST081', '2025-03-22', 'HO006', 'srv081'),
('HIST082', '2025-03-23', 'HO007', 'srv082'),
('HIST083', '2025-03-24', 'HO008', 'srv083'),
('HIST084', '2025-03-25', 'HO009', 'srv084'),
('HIST085', '2025-03-26', 'HO010', 'srv085'),
('HIST086', '2025-03-27', 'HO011', 'srv086'),
('HIST087', '2025-03-28', 'HO012', 'srv087'),
('HIST088', '2025-03-29', 'HO013', 'srv088'),
('HIST089', '2025-03-30', 'HO014', 'srv089'),
('HIST090', '2025-03-31', 'HO015', 'srv090'),
('HIST091', '2025-04-01', 'HO016', 'srv091'),
('HIST092', '2025-04-02', 'HO017', 'srv092'),
('HIST093', '2025-04-03', 'HO018', 'srv093'),
('HIST094', '2025-04-04', 'HO019', 'srv094'),
('HIST095', '2025-04-05', 'HO020', 'srv095'),
('HIST096', '2025-04-06', 'HO021', 'srv096'),
('HIST097', '2025-04-07', 'HO022', 'srv097'),
('HIST098', '2025-04-08', 'HO023', 'srv098'),
('HIST099', '2025-04-09', 'HO024', 'srv099'),
('HIST100', '2025-04-10', 'HO025', 'srv100');